-- phpMyAdmin SQL Dump
-- version 3.5.8.2
-- http://www.phpmyadmin.net
--
-- Anamakine: localhost
-- Üretim Zamanı: 08 Tem 2016, 14:37:50
-- Sunucu sürümü: 5.5.31
-- PHP Sürümü: 5.4.45

SET SQL_MODE="NO_AUTO_VALUE_ON_ZERO";
SET time_zone = "+00:00";


/*!40101 SET @OLD_CHARACTER_SET_CLIENT=@@CHARACTER_SET_CLIENT */;
/*!40101 SET @OLD_CHARACTER_SET_RESULTS=@@CHARACTER_SET_RESULTS */;
/*!40101 SET @OLD_COLLATION_CONNECTION=@@COLLATION_CONNECTION */;
/*!40101 SET NAMES utf8 */;

--
-- Veritabanı: `mcnvrcom_ciblog`
--

-- --------------------------------------------------------

--
-- Tablo için tablo yapısı `answers`
--

CREATE TABLE IF NOT EXISTS `answers` (
  `id` int(11) unsigned NOT NULL AUTO_INCREMENT,
  `time` timestamp NOT NULL DEFAULT CURRENT_TIMESTAMP,
  `content` text COLLATE utf8mb4_unicode_ci NOT NULL,
  PRIMARY KEY (`id`)
) ENGINE=InnoDB  DEFAULT CHARSET=utf8mb4 COLLATE=utf8mb4_unicode_ci AUTO_INCREMENT=11 ;

--
-- Tablo döküm verisi `answers`
--

INSERT INTO `answers` (`id`, `time`, `content`) VALUES
(1, '2016-06-12 07:09:51', 'c1c1c1'),
(2, '2016-06-12 07:10:22', 'c1c1c1'),
(3, '2016-06-12 07:10:27', 'c2c2c2'),
(4, '2016-06-12 07:10:42', 'c1c1c1'),
(5, '2016-06-12 07:10:49', 'c2c2c2'),
(6, '2016-06-12 07:10:53', 'c3c3c3'),
(7, '2016-06-12 07:10:58', 'c4c4c4'),
(8, '2016-06-12 07:14:01', 'c5c5c5'),
(9, '2016-06-14 07:29:47', 'c2c2c2'),
(10, '2016-06-15 02:22:25', 'test');

-- --------------------------------------------------------

--
-- Tablo için tablo yapısı `answers_users`
--

CREATE TABLE IF NOT EXISTS `answers_users` (
  `id` int(11) unsigned NOT NULL AUTO_INCREMENT,
  `answer_id` int(11) unsigned NOT NULL,
  `user_id` int(11) unsigned NOT NULL,
  PRIMARY KEY (`id`),
  UNIQUE KEY `uc_answers_users` (`answer_id`,`user_id`),
  KEY `fk_answers_users_answers1_idx` (`answer_id`),
  KEY `fk_answers_users_users1_idx` (`user_id`)
) ENGINE=InnoDB  DEFAULT CHARSET=utf8 AUTO_INCREMENT=11 ;

--
-- Tablo döküm verisi `answers_users`
--

INSERT INTO `answers_users` (`id`, `answer_id`, `user_id`) VALUES
(1, 1, 1),
(2, 2, 1),
(3, 3, 1),
(4, 4, 1),
(5, 5, 1),
(6, 6, 1),
(7, 7, 1),
(8, 8, 1),
(9, 9, 1),
(10, 10, 1);

-- --------------------------------------------------------

--
-- Tablo için tablo yapısı `categories`
--

CREATE TABLE IF NOT EXISTS `categories` (
  `id` int(11) unsigned NOT NULL AUTO_INCREMENT,
  `name` varchar(20) NOT NULL,
  `description` varchar(100) NOT NULL,
  PRIMARY KEY (`id`)
) ENGINE=InnoDB  DEFAULT CHARSET=utf8 AUTO_INCREMENT=3 ;

--
-- Tablo döküm verisi `categories`
--

INSERT INTO `categories` (`id`, `name`, `description`) VALUES
(1, 'Teknoloji', 'Teknoloji'),
(2, 'Programlama', 'Programlama');

-- --------------------------------------------------------

--
-- Tablo için tablo yapısı `ci_sessions`
--

CREATE TABLE IF NOT EXISTS `ci_sessions` (
  `id` varchar(40) NOT NULL,
  `ip_address` varchar(45) NOT NULL,
  `timestamp` int(10) unsigned NOT NULL DEFAULT '0',
  `data` blob NOT NULL,
  KEY `ci_sessions_timestamp` (`timestamp`)
) ENGINE=InnoDB DEFAULT CHARSET=utf8;

--
-- Tablo döküm verisi `ci_sessions`
--

INSERT INTO `ci_sessions` (`id`, `ip_address`, `timestamp`, `data`) VALUES
('c6f67690a7a37779649cce3d9e029c4284f5c9d8', '::1', 1466060799, 0x5f5f63695f6c6173745f726567656e65726174657c693a313436363036303739393b6964656e746974797c733a31333a2261646d696e6973747261746f72223b757365726e616d657c733a31333a2261646d696e6973747261746f72223b656d61696c7c733a32323a226d65766c757463616e76617240676d61696c2e636f6d223b757365725f69647c733a313a2231223b6f6c645f6c6173745f6c6f67696e7c733a31303a2231343636303037333730223b),
('db428640aacd4ebaffdbe32674ee2e743091938c', '::1', 1466061073, 0x5f5f63695f6c6173745f726567656e65726174657c693a313436363036303739393b6964656e746974797c733a31333a2261646d696e6973747261746f72223b757365726e616d657c733a31333a2261646d696e6973747261746f72223b656d61696c7c733a32323a226d65766c757463616e76617240676d61696c2e636f6d223b757365725f69647c733a313a2231223b6f6c645f6c6173745f6c6f67696e7c733a31303a2231343636303037333730223b),
('d2f25001e647634b4008e256f670a63f5d98533c', '::1', 1466061185, 0x5f5f63695f6c6173745f726567656e65726174657c693a313436363036313138353b6964656e746974797c733a31333a2261646d696e6973747261746f72223b757365726e616d657c733a31333a2261646d696e6973747261746f72223b656d61696c7c733a32323a226d65766c757463616e76617240676d61696c2e636f6d223b757365725f69647c733a313a2231223b6f6c645f6c6173745f6c6f67696e7c733a31303a2231343636303037333730223b),
('7f7c3057e4bb0b2022337138472e1af963799551', '::1', 1466061591, 0x5f5f63695f6c6173745f726567656e65726174657c693a313436363036313539313b6964656e746974797c733a31333a2261646d696e6973747261746f72223b757365726e616d657c733a31333a2261646d696e6973747261746f72223b656d61696c7c733a32323a226d65766c757463616e76617240676d61696c2e636f6d223b757365725f69647c733a313a2231223b6f6c645f6c6173745f6c6f67696e7c733a31303a2231343636303037333730223b),
('347f70e8a4226f0fc5fa596b34295ae09111f646', '::1', 1466061591, 0x5f5f63695f6c6173745f726567656e65726174657c693a313436363036313539313b6964656e746974797c733a31333a2261646d696e6973747261746f72223b757365726e616d657c733a31333a2261646d696e6973747261746f72223b656d61696c7c733a32323a226d65766c757463616e76617240676d61696c2e636f6d223b757365725f69647c733a313a2231223b6f6c645f6c6173745f6c6f67696e7c733a31303a2231343636303037333730223b),
('a68ee0ff0f24dca436e05f0ae0e044721237511a', '::1', 1466061905, 0x5f5f63695f6c6173745f726567656e65726174657c693a313436363036313930353b6964656e746974797c733a31333a2261646d696e6973747261746f72223b757365726e616d657c733a31333a2261646d696e6973747261746f72223b656d61696c7c733a32323a226d65766c757463616e76617240676d61696c2e636f6d223b757365725f69647c733a313a2231223b6f6c645f6c6173745f6c6f67696e7c733a31303a2231343636303037333730223b),
('7c016a9c3b7106839c77e12e6f4ecd3ca214bb46', '::1', 1466061905, 0x5f5f63695f6c6173745f726567656e65726174657c693a313436363036313930353b6964656e746974797c733a31333a2261646d696e6973747261746f72223b757365726e616d657c733a31333a2261646d696e6973747261746f72223b656d61696c7c733a32323a226d65766c757463616e76617240676d61696c2e636f6d223b757365725f69647c733a313a2231223b6f6c645f6c6173745f6c6f67696e7c733a31303a2231343636303037333730223b),
('da674f1801f71208d262130df1401aba20806fb3', '::1', 1466062232, 0x5f5f63695f6c6173745f726567656e65726174657c693a313436363036323233323b6964656e746974797c733a31333a2261646d696e6973747261746f72223b757365726e616d657c733a31333a2261646d696e6973747261746f72223b656d61696c7c733a32323a226d65766c757463616e76617240676d61696c2e636f6d223b757365725f69647c733a313a2231223b6f6c645f6c6173745f6c6f67696e7c733a31303a2231343636303037333730223b),
('40bd3c8a0e661f00864d65680c213d207dcfb03a', '::1', 1466062232, 0x5f5f63695f6c6173745f726567656e65726174657c693a313436363036323233323b6964656e746974797c733a31333a2261646d696e6973747261746f72223b757365726e616d657c733a31333a2261646d696e6973747261746f72223b656d61696c7c733a32323a226d65766c757463616e76617240676d61696c2e636f6d223b757365725f69647c733a313a2231223b6f6c645f6c6173745f6c6f67696e7c733a31303a2231343636303037333730223b),
('ddfa3f0e8ca15b23c559d7706f8049f8df9c2839', '::1', 1466062570, 0x5f5f63695f6c6173745f726567656e65726174657c693a313436363036323537303b6964656e746974797c733a31333a2261646d696e6973747261746f72223b757365726e616d657c733a31333a2261646d696e6973747261746f72223b656d61696c7c733a32323a226d65766c757463616e76617240676d61696c2e636f6d223b757365725f69647c733a313a2231223b6f6c645f6c6173745f6c6f67696e7c733a31303a2231343636303037333730223b),
('9eedde712dfefe55e6872c67fb9e63f98a12b678', '::1', 1466062570, 0x5f5f63695f6c6173745f726567656e65726174657c693a313436363036323537303b6964656e746974797c733a31333a2261646d696e6973747261746f72223b757365726e616d657c733a31333a2261646d696e6973747261746f72223b656d61696c7c733a32323a226d65766c757463616e76617240676d61696c2e636f6d223b757365725f69647c733a313a2231223b6f6c645f6c6173745f6c6f67696e7c733a31303a2231343636303037333730223b),
('099a384bb7179b023e970f3c348f759aa2656dbc', '::1', 1466063132, 0x5f5f63695f6c6173745f726567656e65726174657c693a313436363036333133323b6964656e746974797c733a31333a2261646d696e6973747261746f72223b757365726e616d657c733a31333a2261646d696e6973747261746f72223b656d61696c7c733a32323a226d65766c757463616e76617240676d61696c2e636f6d223b757365725f69647c733a313a2231223b6f6c645f6c6173745f6c6f67696e7c733a31303a2231343636303037333730223b),
('92e2614b399aacebc429441d4ace112246487ed5', '::1', 1466063133, 0x5f5f63695f6c6173745f726567656e65726174657c693a313436363036333133323b6964656e746974797c733a31333a2261646d696e6973747261746f72223b757365726e616d657c733a31333a2261646d696e6973747261746f72223b656d61696c7c733a32323a226d65766c757463616e76617240676d61696c2e636f6d223b757365725f69647c733a313a2231223b6f6c645f6c6173745f6c6f67696e7c733a31303a2231343636303037333730223b),
('c6433e28161a4e106134c9428bbfba1167d95d9c', '::1', 1466063462, 0x5f5f63695f6c6173745f726567656e65726174657c693a313436363036333436323b6964656e746974797c733a31333a2261646d696e6973747261746f72223b757365726e616d657c733a31333a2261646d696e6973747261746f72223b656d61696c7c733a32323a226d65766c757463616e76617240676d61696c2e636f6d223b757365725f69647c733a313a2231223b6f6c645f6c6173745f6c6f67696e7c733a31303a2231343636303037333730223b),
('9ecb8e14a4c1682f75ef762d01093aa2ec7aa340', '::1', 1466063462, 0x5f5f63695f6c6173745f726567656e65726174657c693a313436363036333436323b6964656e746974797c733a31333a2261646d696e6973747261746f72223b757365726e616d657c733a31333a2261646d696e6973747261746f72223b656d61696c7c733a32323a226d65766c757463616e76617240676d61696c2e636f6d223b757365725f69647c733a313a2231223b6f6c645f6c6173745f6c6f67696e7c733a31303a2231343636303037333730223b),
('451866a3504a78b855d73568b668bbd2e7e5af9b', '::1', 1466064937, 0x5f5f63695f6c6173745f726567656e65726174657c693a313436363036343933373b6964656e746974797c733a31333a2261646d696e6973747261746f72223b757365726e616d657c733a31333a2261646d696e6973747261746f72223b656d61696c7c733a32323a226d65766c757463616e76617240676d61696c2e636f6d223b757365725f69647c733a313a2231223b6f6c645f6c6173745f6c6f67696e7c733a31303a2231343636303037333730223b),
('9811d347da9c2e2b7327e0c5c3264127e2a2e814', '::1', 1466064937, 0x5f5f63695f6c6173745f726567656e65726174657c693a313436363036343933373b6964656e746974797c733a31333a2261646d696e6973747261746f72223b757365726e616d657c733a31333a2261646d696e6973747261746f72223b656d61696c7c733a32323a226d65766c757463616e76617240676d61696c2e636f6d223b757365725f69647c733a313a2231223b6f6c645f6c6173745f6c6f67696e7c733a31303a2231343636303037333730223b),
('06a36f12f916b3a0612af9809582995548a5d2fe', '::1', 1466065274, 0x5f5f63695f6c6173745f726567656e65726174657c693a313436363036353237343b6964656e746974797c733a31333a2261646d696e6973747261746f72223b757365726e616d657c733a31333a2261646d696e6973747261746f72223b656d61696c7c733a32323a226d65766c757463616e76617240676d61696c2e636f6d223b757365725f69647c733a313a2231223b6f6c645f6c6173745f6c6f67696e7c733a31303a2231343636303037333730223b),
('540b7ba748d53defbbe8826df0931670bd14b039', '::1', 1466065274, 0x5f5f63695f6c6173745f726567656e65726174657c693a313436363036353237343b6964656e746974797c733a31333a2261646d696e6973747261746f72223b757365726e616d657c733a31333a2261646d696e6973747261746f72223b656d61696c7c733a32323a226d65766c757463616e76617240676d61696c2e636f6d223b757365725f69647c733a313a2231223b6f6c645f6c6173745f6c6f67696e7c733a31303a2231343636303037333730223b),
('938d1ad92ab6d1744754b95169df6ff2d107d9ce', '::1', 1466065628, 0x5f5f63695f6c6173745f726567656e65726174657c693a313436363036353632383b6964656e746974797c733a31333a2261646d696e6973747261746f72223b757365726e616d657c733a31333a2261646d696e6973747261746f72223b656d61696c7c733a32323a226d65766c757463616e76617240676d61696c2e636f6d223b757365725f69647c733a313a2231223b6f6c645f6c6173745f6c6f67696e7c733a31303a2231343636303037333730223b),
('ea98d823f43301a8b8675446b713d80d3e0b6278', '::1', 1466065628, 0x5f5f63695f6c6173745f726567656e65726174657c693a313436363036353632383b6964656e746974797c733a31333a2261646d696e6973747261746f72223b757365726e616d657c733a31333a2261646d696e6973747261746f72223b656d61696c7c733a32323a226d65766c757463616e76617240676d61696c2e636f6d223b757365725f69647c733a313a2231223b6f6c645f6c6173745f6c6f67696e7c733a31303a2231343636303037333730223b),
('ec0272370c7eeb2e0db2ad4acd9045bfdf893099', '::1', 1466065952, 0x5f5f63695f6c6173745f726567656e65726174657c693a313436363036353935323b6964656e746974797c733a31333a2261646d696e6973747261746f72223b757365726e616d657c733a31333a2261646d696e6973747261746f72223b656d61696c7c733a32323a226d65766c757463616e76617240676d61696c2e636f6d223b757365725f69647c733a313a2231223b6f6c645f6c6173745f6c6f67696e7c733a31303a2231343636303037333730223b),
('2ca76c58e92873f1c2c3adb99c2b7187bb09791e', '::1', 1466065952, 0x5f5f63695f6c6173745f726567656e65726174657c693a313436363036353935323b6964656e746974797c733a31333a2261646d696e6973747261746f72223b757365726e616d657c733a31333a2261646d696e6973747261746f72223b656d61696c7c733a32323a226d65766c757463616e76617240676d61696c2e636f6d223b757365725f69647c733a313a2231223b6f6c645f6c6173745f6c6f67696e7c733a31303a2231343636303037333730223b),
('cb52ef0e27a92a712393a2bcd4d7bc5a75347a76', '::1', 1466066266, 0x5f5f63695f6c6173745f726567656e65726174657c693a313436363036363236363b6964656e746974797c733a31333a2261646d696e6973747261746f72223b757365726e616d657c733a31333a2261646d696e6973747261746f72223b656d61696c7c733a32323a226d65766c757463616e76617240676d61696c2e636f6d223b757365725f69647c733a313a2231223b6f6c645f6c6173745f6c6f67696e7c733a31303a2231343636303037333730223b),
('982af3c0268b86302d7cca12ddcee643597ea26c', '::1', 1466066266, 0x5f5f63695f6c6173745f726567656e65726174657c693a313436363036363236363b6964656e746974797c733a31333a2261646d696e6973747261746f72223b757365726e616d657c733a31333a2261646d696e6973747261746f72223b656d61696c7c733a32323a226d65766c757463616e76617240676d61696c2e636f6d223b757365725f69647c733a313a2231223b6f6c645f6c6173745f6c6f67696e7c733a31303a2231343636303037333730223b),
('4c7fea5e1a8b44b408054ab1ec85be69d2bebc50', '::1', 1466066576, 0x5f5f63695f6c6173745f726567656e65726174657c693a313436363036363537363b6964656e746974797c733a31333a2261646d696e6973747261746f72223b757365726e616d657c733a31333a2261646d696e6973747261746f72223b656d61696c7c733a32323a226d65766c757463616e76617240676d61696c2e636f6d223b757365725f69647c733a313a2231223b6f6c645f6c6173745f6c6f67696e7c733a31303a2231343636303037333730223b),
('3e97b569cc320ad33e9102fccc4de6286375f813', '::1', 1466066627, 0x5f5f63695f6c6173745f726567656e65726174657c693a313436363036363537363b6964656e746974797c733a31333a2261646d696e6973747261746f72223b757365726e616d657c733a31333a2261646d696e6973747261746f72223b656d61696c7c733a32323a226d65766c757463616e76617240676d61696c2e636f6d223b757365725f69647c733a313a2231223b6f6c645f6c6173745f6c6f67696e7c733a31303a2231343636303037333730223b),
('9ae393683587f935aa887b56f302bc3203848678', '::1', 1466067084, 0x5f5f63695f6c6173745f726567656e65726174657c693a313436363036373038343b6964656e746974797c733a31333a2261646d696e6973747261746f72223b757365726e616d657c733a31333a2261646d696e6973747261746f72223b656d61696c7c733a32323a226d65766c757463616e76617240676d61696c2e636f6d223b757365725f69647c733a313a2231223b6f6c645f6c6173745f6c6f67696e7c733a31303a2231343636303037333730223b),
('bffcd58f78ffbb6c14fd62019810e5e4fcc4ffba', '::1', 1466067432, 0x5f5f63695f6c6173745f726567656e65726174657c693a313436363036373433323b6964656e746974797c733a31333a2261646d696e6973747261746f72223b757365726e616d657c733a31333a2261646d696e6973747261746f72223b656d61696c7c733a32323a226d65766c757463616e76617240676d61696c2e636f6d223b757365725f69647c733a313a2231223b6f6c645f6c6173745f6c6f67696e7c733a31303a2231343636303037333730223b),
('ec7a83df3fdbab1465aeafd601dcf117227792fe', '::1', 1466067432, 0x5f5f63695f6c6173745f726567656e65726174657c693a313436363036373433323b6964656e746974797c733a31333a2261646d696e6973747261746f72223b757365726e616d657c733a31333a2261646d696e6973747261746f72223b656d61696c7c733a32323a226d65766c757463616e76617240676d61696c2e636f6d223b757365725f69647c733a313a2231223b6f6c645f6c6173745f6c6f67696e7c733a31303a2231343636303037333730223b),
('01d30c5771d03833af43d972c9c792f437b17c4e', '::1', 1466067768, 0x5f5f63695f6c6173745f726567656e65726174657c693a313436363036373736383b6964656e746974797c733a31333a2261646d696e6973747261746f72223b757365726e616d657c733a31333a2261646d696e6973747261746f72223b656d61696c7c733a32323a226d65766c757463616e76617240676d61696c2e636f6d223b757365725f69647c733a313a2231223b6f6c645f6c6173745f6c6f67696e7c733a31303a2231343636303037333730223b),
('1332949ffd3458a46575f421919bdba29766ae40', '::1', 1466067768, 0x5f5f63695f6c6173745f726567656e65726174657c693a313436363036373736383b6964656e746974797c733a31333a2261646d696e6973747261746f72223b757365726e616d657c733a31333a2261646d696e6973747261746f72223b656d61696c7c733a32323a226d65766c757463616e76617240676d61696c2e636f6d223b757365725f69647c733a313a2231223b6f6c645f6c6173745f6c6f67696e7c733a31303a2231343636303037333730223b),
('8ac288a106c8972470e09473153f937ff01169e6', '::1', 1466068083, 0x5f5f63695f6c6173745f726567656e65726174657c693a313436363036383038333b6964656e746974797c733a31333a2261646d696e6973747261746f72223b757365726e616d657c733a31333a2261646d696e6973747261746f72223b656d61696c7c733a32323a226d65766c757463616e76617240676d61696c2e636f6d223b757365725f69647c733a313a2231223b6f6c645f6c6173745f6c6f67696e7c733a31303a2231343636303037333730223b),
('d41ae7d2b5af6b705e85d023ccb044db637c83a8', '::1', 1466068083, 0x5f5f63695f6c6173745f726567656e65726174657c693a313436363036383038333b6964656e746974797c733a31333a2261646d696e6973747261746f72223b757365726e616d657c733a31333a2261646d696e6973747261746f72223b656d61696c7c733a32323a226d65766c757463616e76617240676d61696c2e636f6d223b757365725f69647c733a313a2231223b6f6c645f6c6173745f6c6f67696e7c733a31303a2231343636303037333730223b),
('968ebd042fb1108169e93f8f20a31a46f0855409', '::1', 1466068411, 0x5f5f63695f6c6173745f726567656e65726174657c693a313436363036383431313b),
('dcd76a11a8faad4907991666307eaac98aa060f0', '::1', 1466068757, 0x5f5f63695f6c6173745f726567656e65726174657c693a313436363036383735373b),
('66fa8264075af7e3f4dff50b24f115e721a7a7db', '::1', 1466068757, 0x5f5f63695f6c6173745f726567656e65726174657c693a313436363036383735373b),
('78c40ee5bb6b4ffcdfa4c5c643b0b5572c7a0337', '::1', 1466069067, 0x5f5f63695f6c6173745f726567656e65726174657c693a313436363036393036373b),
('cb02b404f14ac0c93ae260288bfbf2954fdc36f0', '::1', 1466069067, 0x5f5f63695f6c6173745f726567656e65726174657c693a313436363036393036373b),
('476cd36ff916149c7933df8e452a2981ed9ea473', '::1', 1466069379, 0x5f5f63695f6c6173745f726567656e65726174657c693a313436363036393337393b),
('7d338313d06755a534be0a5294d57afe70c161f8', '::1', 1466069379, 0x5f5f63695f6c6173745f726567656e65726174657c693a313436363036393337393b),
('627bb8c47c82f38cf6cf2d8fc07f5f8b6c774442', '::1', 1466069688, 0x5f5f63695f6c6173745f726567656e65726174657c693a313436363036393638383b),
('f7d8b04e116931e9fba2948afd75451fa758a88f', '::1', 1466069899, 0x5f5f63695f6c6173745f726567656e65726174657c693a313436363036393839393b),
('151aaa3daf301adf0912ad81853d044f3ceb92f0', '::1', 1466070679, 0x5f5f63695f6c6173745f726567656e65726174657c693a313436363037303637393b),
('f91c0ffc8574722f1449743eb74db29ebcd4a75b', '::1', 1466070966, 0x5f5f63695f6c6173745f726567656e65726174657c693a313436363037303637393b6964656e746974797c733a343a2263727834223b757365726e616d657c733a343a2263727834223b656d61696c7c733a32323a226d65766c757463616e76617240676d61696c2e636f6d223b757365725f69647c733a313a2232223b6f6c645f6c6173745f6c6f67696e7c733a31303a2231343636303037303933223b6d6573736167657c733a33303a224b756c6c616ec4b163c4b12067697269c59f6920796170c4b16c64c4b121223b5f5f63695f766172737c613a313a7b733a373a226d657373616765223b733a333a226f6c64223b7d),
('28734f80d743f6fd4ddcb9d9ea87ef10af9fc95d', '::1', 1466071001, 0x5f5f63695f6c6173745f726567656e65726174657c693a313436363037313030313b),
('a43c5a3b30d68653acaf4db2f5f48a8e7e2d0ce9', '::1', 1466071402, 0x5f5f63695f6c6173745f726567656e65726174657c693a313436363037313430323b),
('92cc1c753271661fb4dc66520dfcd36b0fb975fd', '::1', 1466071682, 0x5f5f63695f6c6173745f726567656e65726174657c693a313436363037313430323b6d6573736167657c613a333a7b733a343a2274797065223b733a343a22696e666f223b733a363a22686561646572223b733a31323a224261c59f6172c4b16cc4b121223b733a373a22636f6e74656e74223b733a39393a224d6573616ac4b16ec4b17a206261c59f6172c4b1796c61206b6179646564696c64692e0a09090909090909090909090909090920090909090909094cc3bc7466656e20652d706f737461206164726573696e697a69206b6f6e74726f6c206564696e2e223b7d5f5f63695f766172737c613a313a7b733a373a226d657373616765223b733a333a226f6c64223b7d),
('de30a1ba95dcdcf5848ac1d5d3121e6f680b5fdc', '::1', 1466072080, 0x5f5f63695f6c6173745f726567656e65726174657c693a313436363037323038303b),
('8f9670aacc3070f9af065a97a276942f21773bf9', '::1', 1466072080, 0x5f5f63695f6c6173745f726567656e65726174657c693a313436363037323038303b),
('44427ac901907bcc93c13e82ecf9833b644de748', '::1', 1466072448, 0x5f5f63695f6c6173745f726567656e65726174657c693a313436363037323434383b),
('c545e045865935a2b6b42d0321f912d0e491e66b', '::1', 1466072448, 0x5f5f63695f6c6173745f726567656e65726174657c693a313436363037323434383b),
('0e6f605512b6d69340e3edf4b1a1a2f20080f767', '::1', 1466072763, 0x5f5f63695f6c6173745f726567656e65726174657c693a313436363037323736333b),
('d0a88753291bdbba5d768451155eb5d3df5ff2b8', '::1', 1466072944, 0x5f5f63695f6c6173745f726567656e65726174657c693a313436363037323736333b6964656e746974797c733a31333a2261646d696e6973747261746f72223b757365726e616d657c733a31333a2261646d696e6973747261746f72223b656d61696c7c733a32323a226d65766c757463616e76617240676d61696c2e636f6d223b757365725f69647c733a313a2231223b6f6c645f6c6173745f6c6f67696e7c733a31303a2231343636303639373730223b),
('095f14d658eb415f4ca121abfaef8fd68abdc02f', '::1', 1466073565, 0x5f5f63695f6c6173745f726567656e65726174657c693a313436363037333335363b6964656e746974797c733a31333a2261646d696e6973747261746f72223b757365726e616d657c733a31333a2261646d696e6973747261746f72223b656d61696c7c733a32343a22696e666f406d65766c757463616e7661722e636f6d2e7472223b757365725f69647c733a313a2231223b6f6c645f6c6173745f6c6f67696e7c733a31303a2231343636303733323635223b),
('dec4153cad1ce0ff2c315124c03ade0b95c17c5c', '::1', 1466073732, 0x5f5f63695f6c6173745f726567656e65726174657c693a313436363037333733323b6964656e746974797c733a31333a2261646d696e6973747261746f72223b757365726e616d657c733a31333a2261646d696e6973747261746f72223b656d61696c7c733a32343a22696e666f406d65766c757463616e7661722e636f6d2e7472223b757365725f69647c733a313a2231223b6f6c645f6c6173745f6c6f67696e7c733a31303a2231343636303733323635223b),
('a668f3263dae8652408002e66d95170e377d7d77', '::1', 1466073732, 0x5f5f63695f6c6173745f726567656e65726174657c693a313436363037333733323b6964656e746974797c733a31333a2261646d696e6973747261746f72223b757365726e616d657c733a31333a2261646d696e6973747261746f72223b656d61696c7c733a32343a22696e666f406d65766c757463616e7661722e636f6d2e7472223b757365725f69647c733a313a2231223b6f6c645f6c6173745f6c6f67696e7c733a31303a2231343636303733323635223b),
('903b524a7c648620fad6a17f7151618ae2794bb4', '::1', 1466074043, 0x5f5f63695f6c6173745f726567656e65726174657c693a313436363037343034333b6964656e746974797c733a31333a2261646d696e6973747261746f72223b757365726e616d657c733a31333a2261646d696e6973747261746f72223b656d61696c7c733a32343a22696e666f406d65766c757463616e7661722e636f6d2e7472223b757365725f69647c733a313a2231223b6f6c645f6c6173745f6c6f67696e7c733a31303a2231343636303733323635223b),
('6afed453775f24de52584ef70306915ed705e931', '::1', 1466074043, 0x5f5f63695f6c6173745f726567656e65726174657c693a313436363037343034333b6964656e746974797c733a31333a2261646d696e6973747261746f72223b757365726e616d657c733a31333a2261646d696e6973747261746f72223b656d61696c7c733a32343a22696e666f406d65766c757463616e7661722e636f6d2e7472223b757365725f69647c733a313a2231223b6f6c645f6c6173745f6c6f67696e7c733a31303a2231343636303733323635223b),
('9579c1448f68a8d9b319f2d49f1af61e586260e8', '::1', 1466074624, 0x5f5f63695f6c6173745f726567656e65726174657c693a313436363037343632343b6964656e746974797c733a31333a2261646d696e6973747261746f72223b757365726e616d657c733a31333a2261646d696e6973747261746f72223b656d61696c7c733a32343a22696e666f406d65766c757463616e7661722e636f6d2e7472223b757365725f69647c733a313a2231223b6f6c645f6c6173745f6c6f67696e7c733a31303a2231343636303733323635223b),
('7a5ae18f02cde7b9f8b4cf1503cafaea994d4fba', '::1', 1466074624, 0x5f5f63695f6c6173745f726567656e65726174657c693a313436363037343632343b6964656e746974797c733a31333a2261646d696e6973747261746f72223b757365726e616d657c733a31333a2261646d696e6973747261746f72223b656d61696c7c733a32343a22696e666f406d65766c757463616e7661722e636f6d2e7472223b757365725f69647c733a313a2231223b6f6c645f6c6173745f6c6f67696e7c733a31303a2231343636303733323635223b),
('1e26a7cf97833581aa92cd783631ef4ea8530b42', '::1', 1466075173, 0x5f5f63695f6c6173745f726567656e65726174657c693a313436363037353033373b6964656e746974797c733a31333a2261646d696e6973747261746f72223b757365726e616d657c733a31333a2261646d696e6973747261746f72223b656d61696c7c733a32343a22696e666f406d65766c757463616e7661722e636f6d2e7472223b757365725f69647c733a313a2231223b6f6c645f6c6173745f6c6f67696e7c733a31303a2231343636303733323635223b),
('d51c471a39ace076228c0c597843489b6abfa4cc', '::1', 1466075394, 0x5f5f63695f6c6173745f726567656e65726174657c693a313436363037353339343b6964656e746974797c733a31333a2261646d696e6973747261746f72223b757365726e616d657c733a31333a2261646d696e6973747261746f72223b656d61696c7c733a32343a22696e666f406d65766c757463616e7661722e636f6d2e7472223b757365725f69647c733a313a2231223b6f6c645f6c6173745f6c6f67696e7c733a31303a2231343636303733323635223b),
('36138fc8b257eb973862881ef9a845f94b54521e', '::1', 1466075797, 0x5f5f63695f6c6173745f726567656e65726174657c693a313436363037353732363b6964656e746974797c733a31333a2261646d696e6973747261746f72223b757365726e616d657c733a31333a2261646d696e6973747261746f72223b656d61696c7c733a32343a22696e666f406d65766c757463616e7661722e636f6d2e7472223b757365725f69647c733a313a2231223b6f6c645f6c6173745f6c6f67696e7c733a31303a2231343636303733323635223b),
('599e6da31c7ab990b88d3158daf87f586f604ca1', '::1', 1466076027, 0x5f5f63695f6c6173745f726567656e65726174657c693a313436363037363032373b6964656e746974797c733a31333a2261646d696e6973747261746f72223b757365726e616d657c733a31333a2261646d696e6973747261746f72223b656d61696c7c733a32343a22696e666f406d65766c757463616e7661722e636f6d2e7472223b757365725f69647c733a313a2231223b6f6c645f6c6173745f6c6f67696e7c733a31303a2231343636303733323635223b),
('52736bdcb8b9833e3dc97278e541dde372dcfcf1', '::1', 1466076436, 0x5f5f63695f6c6173745f726567656e65726174657c693a313436363037363433363b6964656e746974797c733a31333a2261646d696e6973747261746f72223b757365726e616d657c733a31333a2261646d696e6973747261746f72223b656d61696c7c733a32343a22696e666f406d65766c757463616e7661722e636f6d2e7472223b757365725f69647c733a313a2231223b6f6c645f6c6173745f6c6f67696e7c733a31303a2231343636303733323635223b),
('10cfb84805af466522b752574790c48c4259deda', '::1', 1466076748, 0x5f5f63695f6c6173745f726567656e65726174657c693a313436363037363734383b6964656e746974797c733a31333a2261646d696e6973747261746f72223b757365726e616d657c733a31333a2261646d696e6973747261746f72223b656d61696c7c733a32343a22696e666f406d65766c757463616e7661722e636f6d2e7472223b757365725f69647c733a313a2231223b6f6c645f6c6173745f6c6f67696e7c733a31303a2231343636303733323635223b),
('75c8cacb192aca8ab0a8d6268b18a00eac9bd6bb', '::1', 1466076748, 0x5f5f63695f6c6173745f726567656e65726174657c693a313436363037363734383b6964656e746974797c733a31333a2261646d696e6973747261746f72223b757365726e616d657c733a31333a2261646d696e6973747261746f72223b656d61696c7c733a32343a22696e666f406d65766c757463616e7661722e636f6d2e7472223b757365725f69647c733a313a2231223b6f6c645f6c6173745f6c6f67696e7c733a31303a2231343636303733323635223b),
('4c24c0ed4794ed1d7a0173ae1de97e0f69af9a70', '::1', 1466077083, 0x5f5f63695f6c6173745f726567656e65726174657c693a313436363037373038333b6964656e746974797c733a31333a2261646d696e6973747261746f72223b757365726e616d657c733a31333a2261646d696e6973747261746f72223b656d61696c7c733a32343a22696e666f406d65766c757463616e7661722e636f6d2e7472223b757365725f69647c733a313a2231223b6f6c645f6c6173745f6c6f67696e7c733a31303a2231343636303733323635223b),
('cc151dd91af70454d0c3db51fb162e6d9a090b09', '::1', 1466077083, 0x5f5f63695f6c6173745f726567656e65726174657c693a313436363037373038333b6964656e746974797c733a31333a2261646d696e6973747261746f72223b757365726e616d657c733a31333a2261646d696e6973747261746f72223b656d61696c7c733a32343a22696e666f406d65766c757463616e7661722e636f6d2e7472223b757365725f69647c733a313a2231223b6f6c645f6c6173745f6c6f67696e7c733a31303a2231343636303733323635223b),
('cac1f72438236358cb79ee265fb98ad0de938933', '::1', 1466077787, 0x5f5f63695f6c6173745f726567656e65726174657c693a313436363037373637373b6964656e746974797c733a31333a2261646d696e6973747261746f72223b757365726e616d657c733a31333a2261646d696e6973747261746f72223b656d61696c7c733a32343a22696e666f406d65766c757463616e7661722e636f6d2e7472223b757365725f69647c733a313a2231223b6f6c645f6c6173745f6c6f67696e7c733a31303a2231343636303733333731223b6d6573736167657c733a33333a22417961726c6172206261c59f6172c4b1796c612067c3bc6e63656c6c656e646921223b5f5f63695f766172737c613a313a7b733a373a226d657373616765223b733a333a226f6c64223b7d),
('9e5d05a591341df7a6e8049114f1dff292e74fe7', '85.96.247.187', 1466078954, 0x5f5f63695f6c6173745f726567656e65726174657c693a313436363037383637383b),
('ecc9c114ec2a910ec47e2199f5c0128640d8c166', '85.96.247.187', 1466079107, 0x5f5f63695f6c6173745f726567656e65726174657c693a313436363037393031363b),
('b6893faaad0479f35f5d8eed72c4a17445838c9e', '5.46.23.54', 1466080343, 0x5f5f63695f6c6173745f726567656e65726174657c693a313436363038303039353b6964656e746974797c733a353a2261646d696e223b757365726e616d657c733a353a2261646d696e223b656d61696c7c733a32323a226d65766c757463616e76617240676d61696c2e636f6d223b757365725f69647c733a313a2234223b6f6c645f6c6173745f6c6f67696e7c4e3b),
('ea529d72f867640cc5eb8004ad7c03b6480bf611', '5.46.23.54', 1466080527, 0x5f5f63695f6c6173745f726567656e65726174657c693a313436363038303433363b6964656e746974797c733a353a2261646d696e223b757365726e616d657c733a353a2261646d696e223b656d61696c7c733a32323a226d65766c757463616e76617240676d61696c2e636f6d223b757365725f69647c733a313a2234223b6f6c645f6c6173745f6c6f67696e7c4e3b),
('abbc834424e2775863dafe4e96ebf53c8c040739', '5.46.23.54', 1466081132, 0x5f5f63695f6c6173745f726567656e65726174657c693a313436363038313037393b6964656e746974797c733a353a2261646d696e223b757365726e616d657c733a353a2261646d696e223b656d61696c7c733a32323a226d65766c757463616e76617240676d61696c2e636f6d223b757365725f69647c733a313a2234223b6f6c645f6c6173745f6c6f67696e7c4e3b6d6573736167657c613a333a7b733a343a2274797065223b733a343a22696e666f223b733a363a22686561646572223b733a31323a224261c59f6172c4b16cc4b121223b733a373a22636f6e74656e74223b733a33333a22596f72756d756e757a206261c59f6172c4b1796c61206b6179646564696c64692e223b7d5f5f63695f766172737c613a313a7b733a373a226d657373616765223b733a333a226f6c64223b7d),
('5731a68d77ba0efd9a28a124738a10bd45f9a90d', '193.140.8.21', 1466084231, 0x5f5f63695f6c6173745f726567656e65726174657c693a313436363038343030303b),
('0338a303570174c24ba5daef6d5ec340e304478a', '193.140.8.21', 1466084653, 0x5f5f63695f6c6173745f726567656e65726174657c693a313436363038343537303b),
('f80508680e054420a18eae34ad501a9b1a9fb5a2', '193.140.8.21', 1466084839, 0x5f5f63695f6c6173745f726567656e65726174657c693a313436363038343734303b6964656e746974797c733a31303a226573726163616e766172223b757365726e616d657c733a31303a226573726163616e766172223b656d61696c7c733a31373a22626579696e627540676d61696c2e636f6d223b757365725f69647c733a313a2236223b6f6c645f6c6173745f6c6f67696e7c733a31303a2231343636303834373335223b),
('3e1ea21d52cc7bfa8a5bd2b203735283baa9d6a3', '193.140.8.21', 1466086173, 0x5f5f63695f6c6173745f726567656e65726174657c693a313436363038363135373b),
('65c9595e113c74893f20160c11c961efd4948e43', '193.140.8.21', 1466087283, 0x5f5f63695f6c6173745f726567656e65726174657c693a313436363038373238333b),
('03588a2bcfd2be85f855270f4601648790ff842a', '193.140.8.21', 1466087959, 0x5f5f63695f6c6173745f726567656e65726174657c693a313436363038373935393b6d6573736167657c733a34303a223c703e48657361702065746b696e6c65c59f7469726d65206261c59f6172c4b173c4b17a3c2f703e223b5f5f63695f766172737c613a313a7b733a373a226d657373616765223b733a333a226e6577223b7d),
('b20f7bc655a78e7862f83b703ced8811d157b2e0', '193.140.8.21', 1466088853, 0x5f5f63695f6c6173745f726567656e65726174657c693a313436363038383536323b),
('6366323837a0e97e574c9de96e5160f6808d62fe', '193.140.8.21', 1466088932, 0x5f5f63695f6c6173745f726567656e65726174657c693a313436363038383837363b6964656e746974797c733a353a2261646d696e223b757365726e616d657c733a353a2261646d696e223b656d61696c7c733a32323a226d65766c757463616e76617240676d61696c2e636f6d223b757365725f69647c733a313a2234223b6f6c645f6c6173745f6c6f67696e7c733a31303a2231343636303830333433223b),
('cd9e8d36426f7b9fc4affe47e4b99ff45a17f2a0', '88.246.15.19', 1466108314, 0x5f5f63695f6c6173745f726567656e65726174657c693a313436363130383235383b),
('574d745b9bf9d69ce8c2b001d0f64df22a017093', '88.246.15.19', 1466112614, 0x5f5f63695f6c6173745f726567656e65726174657c693a313436363131323631343b),
('8f964e4061b9c9f97ea0eb169c1832a021e243cf', '85.96.247.187', 1466174284, 0x5f5f63695f6c6173745f726567656e65726174657c693a313436363137343238333b),
('5f76475f19153c7c37ad7445b00c3cdc7e86ba02', '85.96.247.187', 1466204297, 0x5f5f63695f6c6173745f726567656e65726174657c693a313436363230343239373b),
('40e3b5143e7c103ddee8cf9ffc865fc83c8f0a66', '5.46.114.47', 1466283531, 0x5f5f63695f6c6173745f726567656e65726174657c693a313436363238333533313b),
('64395ae6e09468358faff6f19ad42e74434edef6', '88.243.19.13', 1466302399, 0x5f5f63695f6c6173745f726567656e65726174657c693a313436363330323339383b),
('1714179f3537319122af07567c1f1465a8363453', '88.243.19.13', 1466402970, 0x5f5f63695f6c6173745f726567656e65726174657c693a313436363430323936393b),
('3e1a43a67b022e0a6f34518058a8ce40441a5f40', '88.243.19.13', 1466469482, 0x5f5f63695f6c6173745f726567656e65726174657c693a313436363436393232383b),
('78509310bd38416ec2033bf7f28d210125b00f9b', '88.243.19.13', 1466470466, 0x5f5f63695f6c6173745f726567656e65726174657c693a313436363437303436363b),
('299bcef8559963fba6904ab4c0cdedd96c13fd0c', '88.243.19.13', 1466486170, 0x5f5f63695f6c6173745f726567656e65726174657c693a313436363438363136393b),
('7afb06c27a70abb684c635706679daed89078305', '88.243.19.13', 1466504333, 0x5f5f63695f6c6173745f726567656e65726174657c693a313436363530343333323b),
('d4ff9e7d07cd0c351ea7078641c125d15d3d0fae', '88.243.19.13', 1466579250, 0x5f5f63695f6c6173745f726567656e65726174657c693a313436363537393235303b),
('adde8e1f03872b9060641f65a5e997a1c6f7a5cc', '88.243.19.13', 1466582563, 0x5f5f63695f6c6173745f726567656e65726174657c693a313436363538323432353b),
('68e6fd5cd1b0c1350ef444e29e8c894541e3088e', '40.78.146.128', 1467235156, 0x5f5f63695f6c6173745f726567656e65726174657c693a313436373233353135363b),
('893d2f905e91783a1d123efdfd0adea4f9226489', '104.209.188.207', 1467235156, 0x5f5f63695f6c6173745f726567656e65726174657c693a313436373233353135363b),
('33fcb18dc91c9d6c21508149d67b25d3ac669b6d', '5.254.65.104', 1467235330, 0x5f5f63695f6c6173745f726567656e65726174657c693a313436373233353136373b),
('3ff8c28839dbe199e7d0b616e5884160cfb8dcbf', '78.161.129.225', 1467235282, 0x5f5f63695f6c6173745f726567656e65726174657c693a313436373233353238323b),
('9e6c46ba0b2d8773015c9093a5324d35642a0b94', '5.254.65.83', 1467236489, 0x5f5f63695f6c6173745f726567656e65726174657c693a313436373233363436313b);

-- --------------------------------------------------------

--
-- Tablo için tablo yapısı `comments`
--

CREATE TABLE IF NOT EXISTS `comments` (
  `id` int(11) unsigned NOT NULL AUTO_INCREMENT,
  `fullname` varchar(100) COLLATE utf8mb4_unicode_ci NOT NULL,
  `email` varchar(100) COLLATE utf8mb4_unicode_ci NOT NULL,
  `time` timestamp NOT NULL DEFAULT CURRENT_TIMESTAMP,
  `content` text COLLATE utf8mb4_unicode_ci NOT NULL,
  `header` tinytext COLLATE utf8mb4_unicode_ci NOT NULL,
  PRIMARY KEY (`id`)
) ENGINE=InnoDB  DEFAULT CHARSET=utf8mb4 COLLATE=utf8mb4_unicode_ci AUTO_INCREMENT=5 ;

--
-- Tablo döküm verisi `comments`
--

INSERT INTO `comments` (`id`, `fullname`, `email`, `time`, `content`, `header`) VALUES
(1, 'Mevlüt Canvar', 'beyinbu@gmail.com', '2016-06-16 11:05:41', '<p>test test test test test test test test test test test test test test test test test test test test test test test test test test test test test test test test test test test test test test test test test test test test test test test test </p>', 'Siteniz Hakkında'),
(2, 'Fatih Şen', 'ftihsen@hotmail.com', '2016-06-16 11:16:17', '<p>comments comments comments comments comments comments comments comments comments comments comments comments comments comments comments comments comments comments comments comments comments comments comments comments comments comments comments comments comments comments comments comments comments comments comments comments comments comments comments comments comments comments comments comments comments comments comments comments </p>', 'Test HAkkında'),
(3, 'Mevlüt Canvar', 'admin@mcnvr.com', '2016-06-16 12:45:31', 'Bu bir test yorumudur.', 'Gönderi logosu'),
(4, 'Mevlüt Canvar', 'mevlutcanvar@gmail.com', '2016-06-22 08:02:00', 'test', 'Gönderi logosu');

-- --------------------------------------------------------

--
-- Tablo için tablo yapısı `groups`
--

CREATE TABLE IF NOT EXISTS `groups` (
  `id` mediumint(8) unsigned NOT NULL AUTO_INCREMENT,
  `name` varchar(20) NOT NULL,
  `description` varchar(100) NOT NULL,
  PRIMARY KEY (`id`)
) ENGINE=InnoDB  DEFAULT CHARSET=utf8 AUTO_INCREMENT=3 ;

--
-- Tablo döküm verisi `groups`
--

INSERT INTO `groups` (`id`, `name`, `description`) VALUES
(1, 'admin', 'Administrator'),
(2, 'members', 'General User');

-- --------------------------------------------------------

--
-- Tablo için tablo yapısı `images`
--

CREATE TABLE IF NOT EXISTS `images` (
  `id` bigint(20) unsigned NOT NULL AUTO_INCREMENT,
  `alt` varchar(300) NOT NULL,
  `link` varchar(400) NOT NULL,
  `post_id` int(11) NOT NULL DEFAULT '0',
  PRIMARY KEY (`id`),
  KEY `id` (`id`)
) ENGINE=InnoDB  DEFAULT CHARSET=utf8 AUTO_INCREMENT=9 ;

--
-- Tablo döküm verisi `images`
--

INSERT INTO `images` (`id`, `alt`, `link`, `post_id`) VALUES
(6, 'Vis zril altera fuisset et. Menandri honestatis referrentur sit et.', '816d67867aa2bb33c3e897ee94ce77d4.jpg', 39),
(7, 'Natum labore tamquam his ei, mundi nullam ne est.', '9adf62c1312ec07820f10f546566ed41.jpg', 38),
(8, 'Lorem ipsum dolor sit amet, ius cu utinam dissentiet.', 'edc13b3836d3953a24df31ea84bd18d2.jpg', 36);

-- --------------------------------------------------------

--
-- Tablo için tablo yapısı `login_attempts`
--

CREATE TABLE IF NOT EXISTS `login_attempts` (
  `id` int(11) unsigned NOT NULL AUTO_INCREMENT,
  `ip_address` varchar(15) NOT NULL,
  `login` varchar(100) NOT NULL,
  `time` int(11) unsigned DEFAULT NULL,
  PRIMARY KEY (`id`)
) ENGINE=InnoDB DEFAULT CHARSET=utf8 AUTO_INCREMENT=1 ;

-- --------------------------------------------------------

--
-- Tablo için tablo yapısı `messages`
--

CREATE TABLE IF NOT EXISTS `messages` (
  `id` int(11) unsigned NOT NULL AUTO_INCREMENT,
  `fullname` varchar(100) COLLATE utf8mb4_unicode_ci NOT NULL,
  `email` varchar(100) COLLATE utf8mb4_unicode_ci NOT NULL,
  `time` timestamp NOT NULL DEFAULT CURRENT_TIMESTAMP,
  `content` text COLLATE utf8mb4_unicode_ci NOT NULL,
  `header` tinytext COLLATE utf8mb4_unicode_ci NOT NULL,
  `is_read` tinyint(4) NOT NULL DEFAULT '0',
  `is_answered` tinyint(4) NOT NULL DEFAULT '0',
  PRIMARY KEY (`id`)
) ENGINE=InnoDB  DEFAULT CHARSET=utf8mb4 COLLATE=utf8mb4_unicode_ci AUTO_INCREMENT=9 ;

--
-- Tablo döküm verisi `messages`
--

INSERT INTO `messages` (`id`, `fullname`, `email`, `time`, `content`, `header`, `is_read`, `is_answered`) VALUES
(3, 'Lorem İpsum', 'asd@asd.com', '2016-05-23 16:08:26', 'asd', 'm2', 1, 1),
(5, 'Mevlüt Canvar', 'mevlutcanvar@gmail.com', '2016-06-14 05:45:57', 'Sed ut perspiciatis unde omnis iste natus error sit voluptatem accusantium doloremque laudantium, totam rem aperiam, eaque ipsa quae ab illo inventore veritatis et quasi architecto beatae vitae dicta sunt explicabo. Nemo enim ipsam voluptatem quia voluptas sit aspernatur aut odit aut fugit, sed quia consequuntur magni dolores eos qui ratione voluptatem sequi nesciunt. Neque porro quisquam est, qui dolorem ipsum quia dolor sit amet, consectetur, adipisci velit.', 'Sed ut perspiciatis unde omnis', 1, 1),
(6, 'Fatih Şen', 'ftihsen@hotmail.com', '2016-06-16 09:49:01', 'Vis zril altera fuisset et. Menandri honestatis referrentur sit et. His ut mollis alienum sapientem, dolore voluptatum vel ei, legere comprehensam cum te. Dico liber tamquam id mei, labore semper philosophia eos ea. Utamur perpetua ne vel, laudem constituam ex usu. Habemus offendit in mel, mollis audire usu cu. No vel aperiri copiosae, cibo debet his ne, eu novum impetus adipisci mei.', 'Siteniz Hakkında', 0, 0),
(8, 'Simge Şimşek', 'simgesimsek35@gmail.com', '2016-06-16 13:08:02', '<p>test amaçlı test amaçlı test amaçlı test amaçlı test amaçlı test amaçlı test amaçlı test amaçlı test amaçlı test amaçlı test amaçlı test amaçlı </p>', 'Siteniz Hakkında', 1, 0);

-- --------------------------------------------------------

--
-- Tablo için tablo yapısı `messages_answers`
--

CREATE TABLE IF NOT EXISTS `messages_answers` (
  `id` int(11) unsigned NOT NULL AUTO_INCREMENT,
  `message_id` int(11) unsigned NOT NULL,
  `answer_id` int(11) unsigned NOT NULL,
  PRIMARY KEY (`id`),
  UNIQUE KEY `uc_messages_answers` (`message_id`,`answer_id`),
  KEY `fk_messages_answers_messages1_idx` (`message_id`),
  KEY `fk_messages_answers_answers1_idx` (`answer_id`)
) ENGINE=InnoDB  DEFAULT CHARSET=utf8 AUTO_INCREMENT=11 ;

--
-- Tablo döküm verisi `messages_answers`
--

INSERT INTO `messages_answers` (`id`, `message_id`, `answer_id`) VALUES
(2, 3, 2),
(3, 3, 3),
(10, 5, 10);

-- --------------------------------------------------------

--
-- Tablo için tablo yapısı `newsletter_emails`
--

CREATE TABLE IF NOT EXISTS `newsletter_emails` (
  `id` int(11) NOT NULL AUTO_INCREMENT,
  `email` varchar(300) NOT NULL,
  `time` timestamp NOT NULL DEFAULT CURRENT_TIMESTAMP,
  PRIMARY KEY (`id`)
) ENGINE=InnoDB  DEFAULT CHARSET=utf8 AUTO_INCREMENT=3 ;

--
-- Tablo döküm verisi `newsletter_emails`
--

INSERT INTO `newsletter_emails` (`id`, `email`, `time`) VALUES
(1, 'mevlutcanvar@gmail.com', '2016-06-15 05:42:58'),
(2, 'ftihsen@hotmail.com', '2016-06-16 06:51:42');

-- --------------------------------------------------------

--
-- Tablo için tablo yapısı `options`
--

CREATE TABLE IF NOT EXISTS `options` (
  `id` bigint(20) unsigned NOT NULL AUTO_INCREMENT,
  `name` varchar(100) COLLATE utf8mb4_unicode_ci DEFAULT NULL,
  `nicename` varchar(100) COLLATE utf8mb4_unicode_ci DEFAULT NULL,
  `value` longtext COLLATE utf8mb4_unicode_ci NOT NULL,
  PRIMARY KEY (`id`),
  UNIQUE KEY `option_name` (`name`)
) ENGINE=InnoDB  DEFAULT CHARSET=utf8mb4 COLLATE=utf8mb4_unicode_ci AUTO_INCREMENT=25 ;

--
-- Tablo döküm verisi `options`
--

INSERT INTO `options` (`id`, `name`, `nicename`, `value`) VALUES
(2, 'blog_name', 'Blog İsmi', 'Mevlüt Canvar''ın Bloğu'),
(4, 'blog_description', 'Blog Sloganı', 'Kişisel Blog'),
(10, 'mail_url', 'Mail Sunucu Adresi', 'ssl://mail.mevlutcanvar.com.tr'),
(12, 'mail_email', 'Yetkili E-posta', 'info@mevlutcanvar.com.tr'),
(14, 'mail_password', 'Yetkili E-posta Şifresi', 'Dx87kcan'),
(16, 'mail_port', 'SMTP Portu', '587'),
(17, 'facebook_url', 'Facebook Sayfa Adresi', 'https://www.facebook.com/mcanvar'),
(18, 'twitter_url', 'Twitter  Sayfa Adresi', 'https://twitter.com/minions'),
(19, 'github_url', 'Github  Sayfa Adresi', 'g'),
(20, 'gplus_url', 'Google+  Sayfa Adresi', 'https://plus.google.com/101097452632978986705'),
(21, 'copyright', 'Telif Metni', '© Mevlüt Canvar 2016'),
(22, 'meta_description', 'Meta Site Tanımı', 'Bir bilgisayar mühendis adayının kişisel bloğu.'),
(23, 'meta_keywords', 'Meta Etiketler', 'Mevlüt Canvar, Kişisel Blog, Bilgisayar Mühendisi, Mevlütün Bloğu'),
(24, 'instagram_url', 'İnstagram Sayfa Adresi', 'i');

-- --------------------------------------------------------

--
-- Tablo için tablo yapısı `posts`
--

CREATE TABLE IF NOT EXISTS `posts` (
  `id` int(11) unsigned NOT NULL AUTO_INCREMENT,
  `time` timestamp NOT NULL DEFAULT CURRENT_TIMESTAMP,
  `content` longtext CHARACTER SET utf8mb4 COLLATE utf8mb4_unicode_ci NOT NULL,
  `header` text CHARACTER SET utf8mb4 COLLATE utf8mb4_unicode_ci NOT NULL,
  `hit` bigint(20) NOT NULL,
  `type` int(11) NOT NULL DEFAULT '1',
  `meta_keywords` varchar(300) CHARACTER SET utf8mb4 COLLATE utf8mb4_unicode_ci NOT NULL,
  `meta_description` varchar(500) CHARACTER SET utf8mb4 COLLATE utf8mb4_unicode_ci NOT NULL,
  `image_url` varchar(400) CHARACTER SET utf8mb4 COLLATE utf8mb4_unicode_ci NOT NULL,
  PRIMARY KEY (`id`)
) ENGINE=InnoDB  DEFAULT CHARSET=utf8 AUTO_INCREMENT=41 ;

--
-- Tablo döküm verisi `posts`
--

INSERT INTO `posts` (`id`, `time`, `content`, `header`, `hit`, `type`, `meta_keywords`, `meta_description`, `image_url`) VALUES
(35, '2016-06-14 16:37:18', '<p>At vero eos et accusamus et iusto odio dignissimos ducimus qui blanditiis praesentium voluptatum deleniti atque corrupti quos dolores et quas molestias excepturi sint occaecati cupiditate non provident, similique sunt in culpa qui officia deserunt mollitia animi, id est laborum et dolorum fuga. Et harum quidem rerum facilis est et expedita distinctio. Nam libero tempore, cum soluta nobis est eligendi optio cumque nihil impedit quo minus id quod maxime placeat facere possimus, omnis voluptas assumenda est, omnis dolor repellendus. Temporibus autem quibusdam et aut officiis debitis aut rerum necessitatibus saepe eveniet ut et voluptates repudiandae sint et molestiae non recusandae. Itaque earum rerum hic tenetur a sapiente delectus, ut aut reiciendis voluptatibus maiores alias consequatur aut perferendis doloribus asperiores repellat.</p>\r\n\r\n<p>At vero eos et accusamus et iusto odio dignissimos ducimus qui blanditiis praesentium voluptatum deleniti atque corrupti quos dolores et quas molestias excepturi sint occaecati cupiditate non provident, similique sunt in culpa qui officia deserunt mollitia animi, id est laborum et dolorum fuga. Et harum quidem rerum facilis est et expedita distinctio. Nam libero tempore, cum soluta nobis est eligendi optio cumque nihil impedit quo minus id quod maxime placeat facere possimus, omnis voluptas assumenda est, omnis dolor repellendus. Temporibus autem quibusdam et aut officiis debitis aut rerum necessitatibus saepe eveniet ut et voluptates repudiandae sint et molestiae non recusandae. Itaque earum rerum hic tenetur a sapiente delectus, ut aut reiciendis voluptatibus maiores alias consequatur aut perferendis doloribus asperiores repellat.</p>', 'Finibus Bonorum et Malorum', 0, 1, 'test, test', 'testtesttesttesttesttest testtesttest test', 'eab6f196c25d34b498ef8d45e58042f9.jpg'),
(36, '2016-06-15 19:10:34', '<p>Sed ut perspiciatis unde omnis iste natus error sit voluptatem accusantium doloremque laudantium, totam rem aperiam, eaque ipsa quae ab illo inventore veritatis et quasi architecto beatae vitae dicta sunt explicabo. Nemo enim ipsam voluptatem quia voluptas sit aspernatur aut odit aut fugit, sed quia consequuntur magni dolores eos qui ratione voluptatem sequi nesciunt. Neque porro quisquam est, qui dolorem ipsum quia dolor sit amet, consectetur, adipisci velit, sed quia non numquam eius modi tempora incidunt ut labore et dolore magnam aliquam quaerat voluptatem. Ut enim ad minima veniam, quis nostrum exercitationem ullam corporis suscipit laboriosam, nisi ut aliquid ex ea commodi consequatur? Quis autem vel eum iure reprehenderit qui in ea voluptate velit esse quam nihil molestiae consequatur, vel illum qui dolorem eum fugiat quo voluptas nulla pariatur?</p>\r\n\r\n<p>Sed ut perspiciatis unde omnis iste natus error sit voluptatem accusantium doloremque laudantium, totam rem aperiam, eaque ipsa quae ab illo inventore veritatis et quasi architecto beatae vitae dicta sunt explicabo. Nemo enim ipsam voluptatem quia voluptas sit aspernatur aut odit aut fugit, sed quia consequuntur magni dolores eos qui ratione voluptatem sequi nesciunt. Neque porro quisquam est, qui dolorem ipsum quia dolor sit amet, consectetur, adipisci velit, sed quia non numquam eius modi tempora incidunt ut labore et dolore magnam aliquam quaerat voluptatem. Ut enim ad minima veniam, quis nostrum exercitationem ullam corporis suscipit laboriosam, nisi ut aliquid ex ea commodi consequatur? Quis autem vel eum iure reprehenderit qui in ea voluptate velit esse quam nihil molestiae consequatur, vel illum qui dolorem eum fugiat quo voluptas nulla pariatur?</p>\r\n\r\n<p>Sed ut perspiciatis unde omnis iste natus error sit voluptatem accusantium doloremque laudantium, totam rem aperiam, eaque ipsa quae ab illo inventore veritatis et quasi architecto beatae vitae dicta sunt explicabo. Nemo enim ipsam voluptatem quia voluptas sit aspernatur aut odit aut fugit, sed quia consequuntur magni dolores eos qui ratione voluptatem sequi nesciunt. Neque porro quisquam est, qui dolorem ipsum quia dolor sit amet, consectetur, adipisci velit, sed quia non numquam eius modi tempora incidunt ut labore et dolore magnam aliquam quaerat voluptatem. Ut enim ad minima veniam, quis nostrum exercitationem ullam corporis suscipit laboriosam, nisi ut aliquid ex ea commodi consequatur? Quis autem vel eum iure reprehenderit qui in ea voluptate velit esse quam nihil molestiae consequatur, vel illum qui dolorem eum fugiat quo voluptas nulla pariatur?</p>\r\n\r\n<p>Sed ut perspiciatis unde omnis iste natus error sit voluptatem accusantium doloremque laudantium, totam rem aperiam, eaque ipsa quae ab illo inventore veritatis et quasi architecto beatae vitae dicta sunt explicabo. Nemo enim ipsam voluptatem quia voluptas sit aspernatur aut odit aut fugit, sed quia consequuntur magni dolores eos qui ratione voluptatem sequi nesciunt. Neque porro quisquam est, qui dolorem ipsum quia dolor sit amet, consectetur, adipisci velit, sed quia non numquam eius modi tempora incidunt ut labore et dolore magnam aliquam quaerat voluptatem. Ut enim ad minima veniam, quis nostrum exercitationem ullam corporis suscipit laboriosam, nisi ut aliquid ex ea commodi consequatur? Quis autem vel eum iure reprehenderit qui in ea voluptate velit esse quam nihil molestiae consequatur, vel illum qui dolorem eum fugiat quo voluptas nulla pariatur?</p>', 'Sed ut perspiciatis unde omnis iste natus error', 0, 1, 'eos,qui,ratione,voluptatem', 'Sed ut perspiciatis unde omnis iste natus error sit voluptatem accusantium.', 'a35f068722f28be0abcf344831c0c2d9.jpg'),
(37, '2016-06-15 19:13:52', '<p>At vero eos et accusamus et iusto odio dignissimos ducimus qui blanditiis praesentium voluptatum deleniti atque corrupti quos dolores et quas molestias excepturi sint occaecati cupiditate non provident, similique sunt in culpa qui officia deserunt mollitia animi, id est laborum et dolorum fuga. Et harum quidem rerum facilis est et expedita distinctio. Nam libero tempore, cum soluta nobis est eligendi optio cumque nihil impedit quo minus id quod maxime placeat facere possimus, omnis voluptas assumenda est, omnis dolor repellendus. Temporibus autem quibusdam et aut officiis debitis aut rerum necessitatibus saepe eveniet ut et voluptates repudiandae sint et molestiae non recusandae. Itaque earum rerum hic tenetur a sapiente delectus, ut aut reiciendis voluptatibus maiores alias consequatur aut perferendis doloribus asperiores repellat.</p>\r\n\r\n<p>At vero eos et accusamus et iusto odio dignissimos ducimus qui blanditiis praesentium voluptatum deleniti atque corrupti quos dolores et quas molestias excepturi sint occaecati cupiditate non provident, similique sunt in culpa qui officia deserunt mollitia animi, id est laborum et dolorum fuga. Et harum quidem rerum facilis est et expedita distinctio. Nam libero tempore, cum soluta nobis est eligendi optio cumque nihil impedit quo minus id quod maxime placeat facere possimus, omnis voluptas assumenda est, omnis dolor repellendus. Temporibus autem quibusdam et aut officiis debitis aut rerum necessitatibus saepe eveniet ut et voluptates repudiandae sint et molestiae non recusandae. Itaque earum rerum hic tenetur a sapiente delectus, ut aut reiciendis voluptatibus maiores alias consequatur aut perferendis doloribus asperiores repellat.</p>\r\n\r\n<p>At vero eos et accusamus et iusto odio dignissimos ducimus qui blanditiis praesentium voluptatum deleniti atque corrupti quos dolores et quas molestias excepturi sint occaecati cupiditate non provident, similique sunt in culpa qui officia deserunt mollitia animi, id est laborum et dolorum fuga. Et harum quidem rerum facilis est et expedita distinctio. Nam libero tempore, cum soluta nobis est eligendi optio cumque nihil impedit quo minus id quod maxime placeat facere possimus, omnis voluptas assumenda est, omnis dolor repellendus. Temporibus autem quibusdam et aut officiis debitis aut rerum necessitatibus saepe eveniet ut et voluptates repudiandae sint et molestiae non recusandae. Itaque earum rerum hic tenetur a sapiente delectus, ut aut reiciendis voluptatibus maiores alias consequatur aut perferendis doloribus asperiores repellat.</p>\r\n\r\n<p>At vero eos et accusamus et iusto odio dignissimos ducimus qui blanditiis praesentium voluptatum deleniti atque corrupti quos dolores et quas molestias excepturi sint occaecati cupiditate non provident, similique sunt in culpa qui officia deserunt mollitia animi, id est laborum et dolorum fuga. Et harum quidem rerum facilis est et expedita distinctio. Nam libero tempore, cum soluta nobis est eligendi optio cumque nihil impedit quo minus id quod maxime placeat facere possimus, omnis voluptas assumenda est, omnis dolor repellendus. Temporibus autem quibusdam et aut officiis debitis aut rerum necessitatibus saepe eveniet ut et voluptates repudiandae sint et molestiae non recusandae. Itaque earum rerum hic tenetur a sapiente delectus, ut aut reiciendis voluptatibus maiores alias consequatur aut perferendis doloribus asperiores repellat.</p>', 'At vero eos et accusamus et iusto odio dignissimos ducimus qui blanditiis.', 0, 1, 'dignissimos,ducimus,qui,blanditiis', 'At vero eos et accusamus et iusto odio dignissimos ducimus qui.', 'e81b31b2cf68781008277c18ce6d8338.jpg'),
(38, '2016-06-15 19:17:50', '<p>Lorem ipsum dolor sit amet, consectetuer adipiscing elit, sed diam nonummy nibh euismod tincidunt ut laoreet dolore magna aliquam erat volutpat. Ut wisi enim ad minim veniam, quis nostrud exerci tation ullamcorper suscipit lobortis nisl ut aliquip ex ea commodo consequat. Duis autem vel eum iriure dolor in hendrerit in vulputate velit esse molestie consequat, vel illum dolore eu feugiat nulla facilisis at vero eros et accumsan et iusto odio dignissim qui blandit praesent luptatum zzril delenit augue duis dolore te feugait nulla facilisi. Nam liber tempor cum soluta nobis eleifend option congue nihil imperdiet doming id quod mazim placerat facer possim assum. Typi non habent claritatem insitam; est usus legentis in iis qui facit eorum claritatem. Investigationes demonstraverunt lectores legere me lius quod ii legunt saepius. Claritas est etiam processus dynamicus, qui sequitur mutationem consuetudium lectorum. Mirum est notare quam littera gothica, quam nunc putamus parum claram, anteposuerit litterarum formas humanitatis per seacula quarta decima et quinta decima. Eodem modo typi, qui nunc nobis videntur parum clari, fiant sollemnes in futurum.</p>\r\n\r\n<p>Lorem ipsum dolor sit amet, consectetuer adipiscing elit, sed diam nonummy nibh euismod tincidunt ut laoreet dolore magna aliquam erat volutpat. Ut wisi enim ad minim veniam, quis nostrud exerci tation ullamcorper suscipit lobortis nisl ut aliquip ex ea commodo consequat. Duis autem vel eum iriure dolor in hendrerit in vulputate velit esse molestie consequat, vel illum dolore eu feugiat nulla facilisis at vero eros et accumsan et iusto odio dignissim qui blandit praesent luptatum zzril delenit augue duis dolore te feugait nulla facilisi. Nam liber tempor cum soluta nobis eleifend option congue nihil imperdiet doming id quod mazim placerat facer possim assum. Typi non habent claritatem insitam; est usus legentis in iis qui facit eorum claritatem. Investigationes demonstraverunt lectores legere me lius quod ii legunt saepius. Claritas est etiam processus dynamicus, qui sequitur mutationem consuetudium lectorum. Mirum est notare quam littera gothica, quam nunc putamus parum claram, anteposuerit litterarum formas humanitatis per seacula quarta decima et quinta decima. Eodem modo typi, qui nunc nobis videntur parum clari, fiant sollemnes in futurum.</p>', 'Lorem ipsum dolor sit amet, consectetuer adipiscing elit.', 0, 1, 'ullamcorper,suscipit,lobortis,nisl', 'Typi non habent claritatem insitam; est usus legentis.', 'c835858b7322605971e85865859f6797.png'),
(39, '2016-06-15 19:20:16', '<p>Eos id quando libris offendit. Quem corpora maluisset ad nam, ne falli saepe est, ut nec hinc torquatos. Pro ut blandit aliquando. Eu usu quaestio partiendo iudicabit, eam an liber ignota. Modus minim suavitate an duo, ad partem ceteros facilisi pro. Mel ea vide evertitur moderatius, quaeque indoctum te vel, mel discere deleniti efficiendi cu. In dicta meliore oporteat mea, movet pertinacia ea mei, te cum falli iudico primis.</p>\r\n\r\n<p>Pro illum suavitate in. Bonorum dissentias est id, vis ea affert voluptua, at posse viris vis. Eos te tale ferri maiestatis. Intellegebat reprehendunt per ad. An vel exerci percipit, id meis omnium erroribus vel.</p>\r\n\r\n<p>Et esse insolens voluptaria mei, nemore imperdiet ei mei. Vix no purto nulla, et his elit ullum indoctum. At lorem fugit legere has, alienum minimum cu usu. Eu usu ferri regione elaboraret. Vel incorrupte eloquentiam cu, mel prompta necessitatibus te, nostro fierent torquatos vis et.</p>\r\n\r\n<p>Pericula scriptorem liberavisse est an. Ut sit virtute alterum facilisis, malorum ceteros definiebas in mea. Natum augue incorrupte cum cu. Eum dicta noluisse reformidans at, ad dolore periculis qui. Mei ad cibo interesset instructior, ne his velit ocurreret iracundia, oblique persecuti nam eu.</p>', 'Eos id quando libris offendit.', 0, 1, 'insolens,voluptaria,mei', 'Et esse insolens voluptaria mei, nemore imperdiet ei mei.', '498728cc965def4596fb7738e3ffa3ae.jpg'),
(40, '2016-06-16 08:59:53', '<div class="contents row">\r\n<h4>Mark Samder, lorem Ipsum has been the industry&#39;s standard dummy text ever since the 1500s, when an unknown printer took a galley of type and scrambled it to make a type specimen book.</h4>\r\n\r\n<p>It has survived not only five centuries, but also the leap into electronic typesetting, remaining essentially unchanged. It was popularised in the 1960s with the release of Letraset sheets containing Lorem Ipsum passages, and more recently with desktop publishing software like Aldus PageMaker including versions of Lorem Ipsum.</p>\r\n \r\n\r\n<div class="row">\r\n<div class="col-sm-6">\r\n<p>It has survived not only five centuries, remaining essentially unchanged. <a href="file:///C:/inetpub/wwwroot/blog/public_html/sources/html/HTML/www.mywebsite.com">www.mywebsite.com</a> it was popularised in the 1960s with the release of Letraset sheets containing Lorem Ipsum passages, and more recently with desktop publishing software like Aldus PageMaker including versions of Lorem Ipsum.</p>\r\n</div>\r\n\r\n<div class="col-sm-6">\r\n<p>Sed ut perspiciatis unde omnis iste natus error sit voluptatem accusantium doloremque laudantium, totam rem aperiam, eaque ipsa quae ab illo inventore veritatis et quasi architecto beatae vitae dicta sunt explicabo. Nemo enim ipsam voluptatem quia voluptas sit aspernatur aut odit aut fugit, sed quia consequuntur magni dolores eos qui ratione voluptatem sequi nesciunt.</p>\r\n</div>\r\n</div>\r\n</div>', 'Hakkımda', 0, 2, 'mevlüt hakkında, mevlüt canvar hakkında, mevlüt kimdir, mevlüt biyografi', 'Mevlüt Canvar hakkında biyagrafik bilgiler.', '5b045c206bc8cba79f92ac922b47c964.png');

-- --------------------------------------------------------

--
-- Tablo için tablo yapısı `posts_categories`
--

CREATE TABLE IF NOT EXISTS `posts_categories` (
  `id` int(11) unsigned NOT NULL AUTO_INCREMENT,
  `post_id` int(11) unsigned NOT NULL,
  `category_id` int(11) unsigned NOT NULL,
  PRIMARY KEY (`id`),
  UNIQUE KEY `uc_posts_categories` (`post_id`,`category_id`),
  KEY `fk_posts_categories_posts1_idx` (`post_id`),
  KEY `fk_posts_categories_categories1_idx` (`category_id`)
) ENGINE=InnoDB  DEFAULT CHARSET=utf8 AUTO_INCREMENT=32 ;

--
-- Tablo döküm verisi `posts_categories`
--

INSERT INTO `posts_categories` (`id`, `post_id`, `category_id`) VALUES
(24, 35, 2),
(25, 36, 1),
(26, 37, 2),
(27, 38, 1),
(28, 39, 2),
(31, 40, 1);

-- --------------------------------------------------------

--
-- Tablo için tablo yapısı `posts_comments`
--

CREATE TABLE IF NOT EXISTS `posts_comments` (
  `id` int(11) unsigned NOT NULL AUTO_INCREMENT,
  `post_id` int(11) unsigned NOT NULL,
  `comment_id` int(11) unsigned NOT NULL,
  PRIMARY KEY (`id`),
  UNIQUE KEY `uc_posts_comments` (`post_id`,`comment_id`),
  KEY `fk_posts_comments_posts1_idx` (`post_id`),
  KEY `fk_posts_comments_categories1_idx` (`comment_id`)
) ENGINE=InnoDB  DEFAULT CHARSET=utf8 AUTO_INCREMENT=5 ;

--
-- Tablo döküm verisi `posts_comments`
--

INSERT INTO `posts_comments` (`id`, `post_id`, `comment_id`) VALUES
(1, 36, 1),
(2, 36, 2),
(3, 39, 3),
(4, 39, 4);

-- --------------------------------------------------------

--
-- Tablo için tablo yapısı `posts_users`
--

CREATE TABLE IF NOT EXISTS `posts_users` (
  `id` int(11) unsigned NOT NULL AUTO_INCREMENT,
  `post_id` int(11) unsigned NOT NULL,
  `user_id` int(11) unsigned NOT NULL,
  PRIMARY KEY (`id`),
  UNIQUE KEY `uc_posts_users` (`post_id`,`user_id`),
  KEY `fk_posts_users_posts1_idx` (`post_id`),
  KEY `fk_posts_users_users1_idx` (`user_id`)
) ENGINE=InnoDB  DEFAULT CHARSET=utf8 AUTO_INCREMENT=21 ;

--
-- Tablo döküm verisi `posts_users`
--

INSERT INTO `posts_users` (`id`, `post_id`, `user_id`) VALUES
(13, 35, 3),
(14, 36, 1),
(15, 37, 2),
(16, 38, 1),
(17, 39, 1),
(20, 40, 1);

-- --------------------------------------------------------

--
-- Tablo için tablo yapısı `slides`
--

CREATE TABLE IF NOT EXISTS `slides` (
  `id` bigint(20) NOT NULL AUTO_INCREMENT,
  `header` text NOT NULL,
  `content` text NOT NULL,
  `link` text NOT NULL,
  `post_id` bigint(20) NOT NULL,
  PRIMARY KEY (`id`)
) ENGINE=InnoDB  DEFAULT CHARSET=utf8 AUTO_INCREMENT=43 ;

--
-- Tablo döküm verisi `slides`
--

INSERT INTO `slides` (`id`, `header`, `content`, `link`, `post_id`) VALUES
(40, 'Temporibus autem quibusdam', 'Temporibus autem quibusdam et aut officiis debitis aut rerum necessitatibus', '4bcddd882c614cdf62a70d4fda0275b3.jpg', 36),
(42, 'At vero eos et accusamus', 'At vero eos et accusamus et iusto odio dignissimos', '77e95202aef07ff66e917c433be69147.jpg', 35);

-- --------------------------------------------------------

--
-- Tablo için tablo yapısı `users`
--

CREATE TABLE IF NOT EXISTS `users` (
  `id` int(11) unsigned NOT NULL AUTO_INCREMENT,
  `ip_address` varchar(45) NOT NULL,
  `username` varchar(100) DEFAULT NULL,
  `password` varchar(255) NOT NULL,
  `salt` varchar(255) DEFAULT NULL,
  `email` varchar(100) NOT NULL,
  `activation_code` varchar(40) DEFAULT NULL,
  `forgotten_password_code` varchar(40) DEFAULT NULL,
  `forgotten_password_time` int(11) unsigned DEFAULT NULL,
  `remember_code` varchar(40) DEFAULT NULL,
  `created_on` int(11) unsigned NOT NULL,
  `last_login` int(11) unsigned DEFAULT NULL,
  `active` tinyint(1) unsigned DEFAULT NULL,
  `first_name` varchar(50) DEFAULT NULL,
  `last_name` varchar(50) DEFAULT NULL,
  `company` varchar(100) DEFAULT NULL,
  `phone` varchar(20) DEFAULT NULL,
  `image_name` varchar(200) NOT NULL DEFAULT 'default_user.png',
  PRIMARY KEY (`id`)
) ENGINE=InnoDB  DEFAULT CHARSET=utf8 AUTO_INCREMENT=9 ;

--
-- Tablo döküm verisi `users`
--

INSERT INTO `users` (`id`, `ip_address`, `username`, `password`, `salt`, `email`, `activation_code`, `forgotten_password_code`, `forgotten_password_time`, `remember_code`, `created_on`, `last_login`, `active`, `first_name`, `last_name`, `company`, `phone`, `image_name`) VALUES
(1, '127.0.0.1', 'administrator', '$2a$07$SeBknntpZror9uyftVopmu61qg0ms8Qv1yV6FG.kQOSM.9QhmTo36', '', 'info@mevlutcanvar.com.tr', '', 'yyyf8yu7nA2MyojDxO2x5u775615826046ae165d', 1465954565, NULL, 1458889823, 1466077700, 1, 'Mevlüt', 'Canvar', 'Karabük Üniversitesi', '0542 505 22 26', 'default_user.png'),
(2, '::1', 'crx4', '$2y$08$WFtaKbQwS323vlRCGGEvUO73cRLqQ8cUB/BAxV.NTH5vU86g8f4fq', NULL, 'info@mevlutcanvar.com.tr', 'e90b3feb0139959f2d31028616bd17cee0ac3320', 'tf2hP.p1Rl5ooOftpQfXke761490284a5e7ea824', 1465955819, NULL, 1465617549, 1466070911, 1, 'Mevlüt', 'Canvar', 'Karabük Üniversitesi', '+905425052226', 'default_user.png'),
(3, '::1', 'brida', '$2y$08$Vz5hx8XBZD5/vBUaD3/LluXpO5wU3LFtKHjYLBZIvOcg03gSJg442', NULL, 'simgesimsek35@gmail.com', '0ed68239901b480771647e5e7042519f4729b386', NULL, NULL, NULL, 1465910463, 1465910521, 1, 'Simge', 'Şimşek', 'Anadolu Üniversitesi', '0542 505 22 26', 'default_user.png'),
(4, '::1', 'admin', '$2y$08$7vzwhquywjjt/SX1vUj.rum6LHat4/d3jsGCjApsr8hEmr/URNNmW', NULL, 'mevlutcanvar@gmail.com', 'cf51cb7fbfba84c922f3b1b8de9a67e3633e46fd', NULL, NULL, NULL, 1466073114, 1467236340, 1, 'Mevlüt', 'Canvar', 'Karabük Üniversitesi', '+905425052226', '5b045c206bc8cba79f92ac922b47c964.png'),
(8, '193.140.8.21', 'esracanvar', '$2y$08$0YoqEXElpEbJGJbG4PBvQO3K1MzNw5fZ9g/5Q05Jmfd0tnKHpaZDO', NULL, 'beyinbu@gmail.com', NULL, 'jbaDTj2dCoBcFK.Dk1Bt4e476bc404261bdfa666', 1466088583, NULL, 1466088457, 1466088556, 1, 'Esra', 'Canvar', 'Atatürk Üniversitesi', '0542 505 22 26', 'default_user.png');

-- --------------------------------------------------------

--
-- Tablo için tablo yapısı `users_groups`
--

CREATE TABLE IF NOT EXISTS `users_groups` (
  `id` int(11) unsigned NOT NULL AUTO_INCREMENT,
  `user_id` int(11) unsigned NOT NULL,
  `group_id` mediumint(8) unsigned NOT NULL,
  PRIMARY KEY (`id`),
  UNIQUE KEY `uc_users_groups` (`user_id`,`group_id`),
  KEY `fk_users_groups_users1_idx` (`user_id`),
  KEY `fk_users_groups_groups1_idx` (`group_id`)
) ENGINE=InnoDB  DEFAULT CHARSET=utf8 AUTO_INCREMENT=10 ;

--
-- Tablo döküm verisi `users_groups`
--

INSERT INTO `users_groups` (`id`, `user_id`, `group_id`) VALUES
(1, 1, 1),
(2, 1, 2),
(3, 2, 2),
(4, 3, 2),
(5, 4, 1),
(9, 8, 2);

--
-- Dökümü yapılmış tablolar için kısıtlamalar
--

--
-- Tablo kısıtlamaları `answers_users`
--
ALTER TABLE `answers_users`
  ADD CONSTRAINT `fk_answers_users_answers1` FOREIGN KEY (`answer_id`) REFERENCES `answers` (`id`) ON DELETE CASCADE ON UPDATE NO ACTION,
  ADD CONSTRAINT `fk_answers_users_users1` FOREIGN KEY (`user_id`) REFERENCES `users` (`id`) ON DELETE CASCADE ON UPDATE NO ACTION;

--
-- Tablo kısıtlamaları `messages_answers`
--
ALTER TABLE `messages_answers`
  ADD CONSTRAINT `fk_messages_answers_answers1` FOREIGN KEY (`answer_id`) REFERENCES `answers` (`id`) ON DELETE CASCADE ON UPDATE NO ACTION,
  ADD CONSTRAINT `fk_messages_answers_messages1` FOREIGN KEY (`message_id`) REFERENCES `messages` (`id`) ON DELETE CASCADE ON UPDATE NO ACTION;

--
-- Tablo kısıtlamaları `posts_categories`
--
ALTER TABLE `posts_categories`
  ADD CONSTRAINT `fk_posts_categories_categories1` FOREIGN KEY (`category_id`) REFERENCES `categories` (`id`) ON DELETE CASCADE ON UPDATE NO ACTION,
  ADD CONSTRAINT `fk_posts_categories_posts1` FOREIGN KEY (`post_id`) REFERENCES `posts` (`id`) ON DELETE CASCADE ON UPDATE NO ACTION;

--
-- Tablo kısıtlamaları `posts_comments`
--
ALTER TABLE `posts_comments`
  ADD CONSTRAINT `fk_posts_comments_comments1` FOREIGN KEY (`comment_id`) REFERENCES `comments` (`id`) ON DELETE CASCADE ON UPDATE NO ACTION,
  ADD CONSTRAINT `fk_posts_comments_posts1` FOREIGN KEY (`post_id`) REFERENCES `posts` (`id`) ON DELETE CASCADE ON UPDATE NO ACTION;

--
-- Tablo kısıtlamaları `posts_users`
--
ALTER TABLE `posts_users`
  ADD CONSTRAINT `fk_posts_users_posts1` FOREIGN KEY (`post_id`) REFERENCES `posts` (`id`) ON DELETE CASCADE ON UPDATE NO ACTION,
  ADD CONSTRAINT `fk_posts_users_users1` FOREIGN KEY (`user_id`) REFERENCES `users` (`id`) ON DELETE CASCADE ON UPDATE NO ACTION;

--
-- Tablo kısıtlamaları `users_groups`
--
ALTER TABLE `users_groups`
  ADD CONSTRAINT `fk_users_groups_groups1` FOREIGN KEY (`group_id`) REFERENCES `groups` (`id`) ON DELETE CASCADE ON UPDATE NO ACTION,
  ADD CONSTRAINT `fk_users_groups_users1` FOREIGN KEY (`user_id`) REFERENCES `users` (`id`) ON DELETE CASCADE ON UPDATE NO ACTION;

/*!40101 SET CHARACTER_SET_CLIENT=@OLD_CHARACTER_SET_CLIENT */;
/*!40101 SET CHARACTER_SET_RESULTS=@OLD_CHARACTER_SET_RESULTS */;
/*!40101 SET COLLATION_CONNECTION=@OLD_COLLATION_CONNECTION */;
